X,Y,CODE_GTR,
2.22999984437996,41.6799999896827,D-1a
1.82999988449693,41.5600000196739,D-1a
1.73999988453247,41.6500000196937,D-1a
1.05367832998864,41.5103918332148,D-1a
0.305137191617648,40.9748958897504,D-1a
0.123109222139012,40.8452559210994,D-1a
-0.564947856391299,41.1075528179356,D-1a
-0.890207974198449,41.4881786970362,D-1a
-1.13104805290662,41.5424711493247,D-1a
-1.64901464229517,41.9610440891052,D-1a
-1.8383645084474,42.1121956123529,D-1a
-2.2200001140572,42.2999999999836,D-1a
-2.31000010790894,43.0399999802423,D-1a
-1.55000014638041,43.8100000204762,D-1a
-1.18000007049672,43.8000000303045,D-1a
-0.600000109013336,43.779999960299,D-1a
-0.48999994909209,43.7699999702849,D-1a
0.583593979692738,43.46119744084,D-1a
1.16235288969602,43.2692060399798,D-1a
1.87334693395963,43.1352756377536,D-1a
2.21000004598851,43.0700000398895,D-1a
3.0700000842096,42.9200000098623,D-1a
3.26450016413074,42.6437000098128,D-1a
3.43769598787601,42.4022000116993,D-1a
2.92775337624566,42.3590523554079,D-1a
2.35356270247898,42.2473242351148,D-1a
2.08000008595692,42.2099999997085,D-1a
2.37999996580192,41.9200000196274,D-1a
2.22999984437996,41.6799999896827,D-1a
10.4584374555745,47.9373467376603,D-1b
10.2270234151333,47.1415726647126,D-1b
9.62391936673832,46.239431175049,D-1b
10.2737455162008,44.4732232128332,D-1b
10.1783851720807,43.510757429101,D-1b
9.7261043963222,42.8916434426257,D-1b
9.05859822150781,43.6202110008571,D-1b
9.1701018855033,43.9682856673427,D-1b
9.31668339504543,44.2580064281858,D-1b
8.81580710379166,44.4033340190813,D-1b
8.48153917356522,43.9770110392742,D-1b
8.4200079749901,43.8924230091518,D-1b
8.0720841740473,43.6917069891412,D-1b
7.74281017590838,43.5637610090056,D-1b
7.23015119383957,43.4037612998738,D-1b
7.0053541324113,43.7002489794202,D-1b
6.30789985317349,43.5988420194402,D-1b
6.11947585340372,43.6677929994975,D-1b
5.98793509357612,43.75753100956,D-1b
5.82155389377918,43.8063329696044,D-1b
5.90902813370074,43.9028360096447,D-1b
6.04075789360454,44.1392650197493,D-1b
6.10862905354938,44.2370510097896,D-1b
6.03591589364356,44.2802909698194,D-1b
6.07071205362711,44.3817890098643,D-1b
5.91647005381815,44.4317589899063,D-1b
5.86203517389242,44.4790299599357,D-1b
5.74490593407616,44.6748440400414,D-1b
5.57147400591466,44.8879839108594,D-1b
5.39890496034954,44.7760342215265,D-1b
5.31255579633587,44.7128176155359,D-1b
5.22482953675028,44.6925930834179,D-1b
5.1714725506777,44.6911480510614,D-1b
5.00718055517636,44.7184625897169,D-1b
5.0305497164578,44.7925780103664,D-1b
5.04282959874522,44.890484629051,D-1b
5.17563563193052,45.1180062454721,D-1b
5.20959216059368,45.2083930995801,D-1b
5.49536093454855,45.3639167415978,D-1b
5.66932124881925,45.5309773376478,D-1b
5.84318771736144,45.5585964217689,D-1b
5.91949240867539,45.613151317167,D-1b
5.95260134160805,45.6895545467985,D-1b
6.17639315791326,45.9300473465092,D-1b
6.23813548913451,46.0032955565007,D-1b
6.38935341905805,46.0796794437646,D-1b
6.44420917367469,46.4568270306481,D-1b
6.69192589347252,46.8435670207347,D-1b
7.2069289329315,47.1200110207475,D-1b
7.20289117298756,47.3481579608068,D-1b
7.01053489321167,47.3409870308289,D-1b
6.725199973546,47.3284999808616,D-1b
6.83513101349404,47.6658919809285,D-1b
7.35969341327034,47.6675174300324,D-1b
7.78037113237027,47.6015650207982,D-1b
8.09054425201437,47.6131130107651,D-1b
8.44362613163962,47.7578223007576,D-1b
8.75061145129834,47.7966339907328,D-1b
8.86656457116718,47.7987610507211,D-1b
9.10084771453787,47.8029704409304,D-1b
9.10224902407555,47.8030844715404,D-1b
10.4584374555745,47.9373467376603,D-1b
8.79998616288271,49.2096680102379,D-2
8.67435984291281,49.0905520202381,D-2
8.97474888282584,49.0775365802295,D-2
9.19264105519608,49.0819020312311,D-2
10.4662440142186,48.8621200011558,D-2
11.0203806921281,48.9687820048008,D-2
10.8302128847392,48.2480628221655,D-2
10.4584374485092,47.9373467372131,D-2
9.10224902134973,47.803084471366,D-2
9.10084771181205,47.8029704407559,D-2
8.86656456279193,47.7987610501803,D-2
8.75061144282488,47.7966339901833,D-2
8.44362612290999,47.7578223001895,D-2
8.09054424300384,47.6131130101913,D-2
7.78037112309293,47.6015650201996,D-2
7.35969341327034,47.6675174300324,D-2
6.83513100337378,47.6658919802322,D-2
5.95035288362832,47.485423980251,D-2
6.32245500356074,48.2145669936108,D-2
6.39787500354688,48.3623550002821,D-2
7.14131708332926,48.4590339935949,D-2
7.2830729433104,48.8690990052726,D-2
7.64246596321871,49.1314770002697,D-2
7.64180189916967,49.2096680087074,D-2
7.63991792323703,49.4313100102773,D-2
7.14255300339796,49.6126800002971,D-2
5.80368999052098,50.2270759936868,D-2
6.72030205692302,50.5768480069893,D-2
6.40424800369727,50.6951890003339,D-2
6.14452900378141,50.7239220003432,D-2
5.83093100389864,50.9659870003544,D-2
5.56032100399162,51.0397760003642,D-2
5.29557397021544,51.0769331638431,D-2
5.2948838825454,51.0770300003745,D-2
4.91699982193812,51.535185000385,D-2
4.67093116824533,51.6473549675259,D-2
2.91806674475433,52.4336204105781,D-2
3.43489254728931,53.038917009693,D-2
4.60239553087407,52.6958743468349,D-2
5.24219341379426,52.33759220116,D-2
5.76068321265298,52.1015622774893,D-2
6.03587371233182,51.8294744938936,D-2
6.25062900380422,51.5110880003341,D-2
6.28529700378036,51.3310170003349,D-2
7.07234600351205,51.0487650003098,D-2
7.35140908340024,50.6583880103015,D-2
8.64387288297291,50.0264730002581,D-2
8.78994108291445,49.74821100025,D-2
8.79998616288271,49.2096680102379,D-2
5.57147399874883,44.8879839107796,D-3
5.74490592703799,44.6748440400208,D-3
5.86203516694629,44.4790299599679,D-3
5.91647004690912,44.4317589899533,D-3
6.07071204681363,44.3817890099322,D-3
6.03591588682185,44.2802909699098,D-3
6.10862904677492,44.2370510098949,D-3
6.04075788680218,44.1392650198747,D-3
5.9090281268506,43.9028360098225,D-3
5.8215538868897,43.8063329698023,D-3
5.98793508678813,43.7575310097801,D-3
6.11947585507939,43.6677929994347,D-3
6.30789986305326,43.5988420190201,D-3
7.00535414171947,43.7002489789853,D-3
7.23015120442498,43.4037612992089,D-3
7.74281018169273,43.5637610086439,D-3
8.07208417966572,43.6917069887975,D-3
8.42000798044081,43.8924230088432,D-3
8.48153917899092,43.9770110389837,D-3
8.8158070998262,44.4033340192344,D-3
9.31668338252918,44.2580064288336,D-3
9.17010187285835,43.9682856681477,D-3
9.05859820752419,43.6202110019688,D-3
9.72610438230305,42.8916434444973,D-3
10.1378390154568,42.4314039975042,D-3
10.994990013634,41.8837009968517,D-3
9.60534490855244,41.3645085280573,D-3
9.29025245614991,41.3070835852905,D-3
8.30294371795662,41.2227491414925,D-3
8.27995618475772,41.230141687109,D-3
8.28050070334968,42.7927002283077,D-3
7.23015118167799,43.4037605918616,D-3
6.772836981854,42.8793540282328,D-3
6.2106998629034,42.7580000082051,D-3
5.84994997520477,42.8406409789438,D-3
4.79561904731127,42.4076319894557,D-3
4.39165008749424,42.0030060293459,D-3
4.11962891918815,41.7988354095054,D-3
3.96952741026187,41.6600116190018,D-3
3.82634300296495,41.4948705101053,D-3
3.97092321673418,41.0701746236999,D-3
4.158632014815,40.58625748502,D-3
1.09162909253008,39.4859450568334,D-3
0.269879829642918,39.4811358292799,D-3
-0.699931843826458,39.4903614565125,D-3
-1.05892998613939,39.3879094288445,D-3
0.12298323190558,40.8451047470362,D-3
0.120879460367764,40.8451781554138,D-3
-0.54591296706778,40.819769576632,D-3
-2.47011826372141,41.3216553417415,D-3
-3.87651082906723,42.1449176813984,D-3
-4.58874584143272,43.7630274459444,D-3
-4.32651775646726,43.9235059875323,D-3
-3.72563979251202,43.6299975849691,D-3
-2.3100000414089,43.0399999815747,D-3
-2.22000004868671,42.2999999998017,D-3
-1.8383644447979,42.1121956115698,D-3
-1.6490145795486,41.9610440879038,D-3
-1.13104799260089,41.5424711469643,D-3
-0.89020791487058,41.4881786944424,D-3
-0.564947798671218,41.1075528143527,D-3
0.123109244946271,40.8452559237125,D-3
0.305137203981481,40.9748958887855,D-3
1.05367833473056,41.5103918329063,D-3
1.73999988906465,41.6500000193871,D-3
1.82999988899325,41.5600000193477,D-3
2.2299998487597,41.6799999893649,D-3
2.37999997015283,41.9200000193476,D-3
2.08000009042452,42.2099999994895,D-3
2.35356270686296,42.2473242348927,D-3
2.9277533804588,42.3590523551849,D-3
3.43769599193579,42.4022000114666,D-3
3.26450016826059,42.6437000096249,D-3
3.07000008841918,42.9200000097244,D-3
2.21000005047999,43.0700000398062,D-3
2.40377617109917,43.203472019825,D-3
2.50565293103218,43.2783089998434,D-3
3.35440293222409,43.5605516941889,D-3
3.42942720883925,43.7247153100246,D-3
4.03905672832433,44.1433168218457,D-3
4.18800949761307,44.3125892892026,D-3
4.20482984188924,44.3250239927943,D-3
4.37803495593943,44.4527597001782,D-3
4.47556860498168,44.4634789765325,D-3
4.72732361956958,44.7035162369303,D-3
4.87805720981559,44.739823416587,D-3
5.00718054769577,44.7184625896387,D-3
5.17147254329889,44.6911480510004,D-3
5.22482952940299,44.69259308336,D-3
5.31255578903828,44.7128176154791,D-3
5.39890495309535,44.7760342214609,D-3
5.57147399874883,44.8879839107796,D-3
6.8351310033736,47.6658919802322,D-4
6.7251999633866,47.3284999802155,D-4
7.01053488330317,47.3409870302076,D-4
7.20289116324707,47.3481579602018,D-4
7.20692892323296,47.120011020187,D-4
6.69192588336834,46.8435670201839,D-4
6.44420916341908,46.4568270301623,D-4
6.38935340881945,46.079679443368,D-4
6.23813547877601,46.0032955561101,D-4
6.17639314751293,45.9300473461324,D-4
5.95260133105216,45.6895545464672,D-4
5.91949239810397,45.6131513168545,D-4
5.84318770673236,45.558596421465,D-4
5.66932123804046,45.5309773373348,D-4
5.49536092364497,45.3639167413183,D-4
5.20959214946282,45.2083930993204,D-4
5.17563562078605,45.1180062452378,D-4
5.04282958752415,44.8904846288784,D-4
5.03054970524425,44.7925780102259,D-4
5.00718054395556,44.7184625895997,D-4
4.87805720603526,44.7398234165412,D-4
4.72732361574614,44.7035162368836,D-4
4.47556860109759,44.4634789765057,D-4
4.37803495202643,44.4527597001492,D-4
4.20482983793191,44.3250239927752,D-4
4.18800949365142,44.3125892891844,D-4
4.03905672432845,44.1433168218437,D-4
3.42942720468429,43.724715310057,D-4
3.35440292805727,43.5605516942416,D-4
2.50565292661946,43.278308999906,D-4
2.40377616665964,43.2034720198951,D-4
2.2100000459886,43.0700000398894,D-4
1.87334693395963,43.1352756377536,D-4
1.16235288969602,43.2692060399798,D-4
1.00813378922332,43.8107680739762,D-4
0.700366966345017,44.0022815905171,D-4
0.646412493866398,44.2126806249856,D-4
0.756938445308243,44.504067224419,D-4
0.867464396738796,44.7385162124633,D-4
0.743541360377172,44.9227261316637,D-4
-0.05432506915418,45.2121949806247,D-4
0.342313927072665,45.4609970104269,D-4
1.71957816729278,45.8270919904362,D-4
2.01449988715639,45.9268000204305,D-4
2.33340012699696,45.920899980408,D-4
2.60403804609561,45.8671429803397,D-4
2.61439812459963,46.2916330202938,D-4
2.61509004460999,46.429669980306,D-4
2.60907511128908,46.5717140069851,D-4
2.72073704458691,46.5871280203147,D-4
3.04532706448361,46.6250319953035,D-4
3.26705797773463,46.482120000282,D-4
3.85966006422488,46.6810110002737,D-4
3.95904888419589,46.7143679702721,D-4
4.77392508396468,47.0879190002679,D-4
5.95035288362812,47.485423980251,D-4
6.8351310033736,47.6658919802322,D-4
4.9169998389005,51.5351850019233,D-5a
5.29488389478598,51.0770300014965,D-5a
5.29557397837537,51.076933164591,D-5a
5.56032101197367,51.0397760010921,D-5a
5.83093101169563,50.9659870010623,D-5a
6.14452901134293,50.7239220010288,D-5a
6.40424801109086,50.6951890010008,D-5a
6.72030206410223,50.5768480076337,D-5a
5.80368999822889,50.2270759943924,D-5a
5.66764401170405,50.2820530010759,D-5a
5.57462700985824,50.4509330009084,D-5a
5.25932800806246,50.2668450007486,D-5a
4.94132400825775,50.1944660007726,D-5a
4.43854500858901,50.2094060008142,D-5a
3.91143700893408,50.181466000859,D-5a
3.64929995878763,50.0657280111725,D-5a
3.54178696498743,50.0500240151105,D-5a
2.82822194660416,50.2186889726391,D-5a
2.03671299602049,50.5850049936553,D-5a
0.594446082688654,50.8312690245111,D-5a
-1.47756785340031,50.5658175605659,D-5a
-3.50036013246032,50.2706244840872,D-5a
-3.89070143705424,50.2513803221947,D-5a
-5.16946541073841,50.0708801956735,D-5a
-5.67459808519515,49.9085152322769,D-5a
-5.92947830514378,50.1925571916992,D-5a
-4.70439925209644,51.1194723570775,D-5a
-4.29242583980382,51.4742819754557,D-5a
-3.06341657151359,51.3463964176991,D-5a
-2.7718163555138,51.2792625314361,D-5a
-2.49540747185903,51.2122921177038,D-5a
-1.241283951057,51.2036420232122,D-5a
0.670760005637769,51.2029389900431,D-5a
-0.543392693019146,52.4793383662618,D-5a
-1.15468733728234,53.500000003844,D-5a
0.651521853263863,53.5000000034447,D-5a
3.18326835986292,53.5000000027863,D-5a
3.43489257658715,53.0389170121371,D-5a
2.9180667697887,52.433620412846,D-5a
4.67093118557284,51.6473549690979,D-5a
4.9169998389005,51.5351850019233,D-5a
1.21408703424406,48.6489159961637,D-5b
0.713319072985532,48.1262959913966,D-5b
0.684560953517274,48.1031029913036,D-5b
0.080164067159207,47.6156539886567,D-5b
0.477918008142957,47.5007879857438,D-5b
0.850557987932282,47.4052719807033,D-5b
1.15727798776482,47.3536929806738,D-5b
1.58151808754336,47.3441409956401,D-5b
2.12468104646963,47.4506600138762,D-5b
2.17817308721373,47.1331929805736,D-5b
2.34433402709742,46.85137100553,D-5b
2.58907289951447,46.6598889937689,D-5b
2.60907511128908,46.5717140069851,D-5b
2.61509004460999,46.429669980306,D-5b
2.61439812459963,46.2916330202938,D-5b
2.60403804609561,45.8671429803396,D-5b
2.33340012699696,45.9208999804079,D-5b
2.01449988715639,45.9268000204304,D-5b
1.71957816729268,45.8270919904363,D-5b
0.342313927072665,45.4609970104269,D-5b
-0.05432506915418,45.2121949806247,D-5b
-1.33253098518436,45.6896160010964,D-5b
-1.75635214775445,46.1099269810179,D-5b
-2.21939998720287,46.4473510211683,D-5b
-2.65282594746015,46.7931780011067,D-5b
-3.3173369866955,47.1616759811895,D-5b
-3.69347002570831,47.3128910117038,D-5b
-5.10152614327548,48.054413970338,D-5b
-5.10152611931476,48.1731339657385,D-5b
-5.50619599405727,48.0138350487699,D-5b
-6.12284681124515,48.042462965768,D-5b
-6.1228468049168,48.2111309841432,D-5b
-5.47599709416515,48.5101378282067,D-5b
-5.17348856145031,48.7240441376629,D-5b
-4.87748440805057,48.9171794132689,D-5b
-4.46577039326866,49.1005415356166,D-5b
-4.14972678037164,49.3120580612078,D-5b
-3.29190484908813,49.6536745228034,D-5b
-3.01674862207492,49.7372119239176,D-5b
-2.71925003576208,49.8545193924691,D-5b
-2.43293565094272,50.0685303916505,D-5b
-2.18831685487103,50.206221152894,D-5b
-1.90619166391147,50.2510503684942,D-5b
-1.67361049422345,50.2648654184914,D-5b
-1.35063788247689,50.2648095624452,D-5b
-0.797196512918043,50.2421441389118,D-5b
-0.580707595213729,50.2224741292998,D-5b
-0.355891156681921,50.186009026209,D-5b
-0.134826966624955,50.0848376760014,D-5b
0.124085226400842,49.9250601942608,D-5b
0.203258116148944,49.897411145308,D-5b
0.342580062991182,49.8124855804147,D-5b
0.374337816110861,49.7586444176503,D-5b
0.246063107531169,49.7170301817494,D-5b
0.13816888792704,49.6722660234242,D-5b
0.030244866443956,49.5780634039308,D-5b
-0.015573829074996,49.4967259618309,D-5b
-0.049895580950009,49.4607646064326,D-5b
-0.114332345171943,49.4131782203485,D-5b
-0.197368300812395,49.3614476233823,D-5b
-0.28378385968281,49.3281499834901,D-5b
0.536582899393718,49.0166859620009,D-5b
1.21408703424406,48.6489159961637,D-5b
2.03671302174953,50.5850049962663,D-6a
2.82822196595264,50.2186889745584,D-6a
3.54178698788863,50.0500240173318,D-6a
3.6492999815138,50.0657280133706,D-6a
3.9114370268012,50.1814660025766,D-6a
4.43854502576573,50.2094060024421,D-6a
4.9413240247721,50.194466002317,D-6a
5.25932802418683,50.266845002245,D-6a
5.57462702365923,50.45093300218,D-6a
5.66764402340779,50.2820530021516,D-6a
5.80369000979125,50.2270759954512,D-6a
7.14255302038671,49.6126800017818,D-6a
7.63991793942093,49.4313100116632,D-6a
7.6418019152861,49.209668010065,D-6a
7.6424659793113,49.1314770016161,D-6a
7.28307295986284,48.8690990066339,D-6a
7.14131709997254,48.4590339949012,D-6a
6.39787502128024,48.3623550016906,D-6a
6.32245501780257,48.2145669947211,D-6a
5.95035289451294,47.4854239810042,D-6a
4.77392509585809,47.0879190010715,D-6a
3.95904889678249,46.7143679710883,D-6a
3.8596600790122,46.6810110012309,D-6a
3.2670579953385,46.4821200014095,D-6a
3.04532708241623,46.6250319965167,D-6a
2.72073706293374,46.5871280215729,D-6a
2.6090751297786,46.5717140082584,D-6a
2.58907291805666,46.6598889950748,D-6a
2.34433404602343,46.8513710069422,D-6a
2.17817310644963,47.1331929821029,D-6a
2.12468107072884,47.4506600159115,D-6a
1.58151811771634,47.3441409981996,D-6a
1.15727801882384,47.353692983368,D-6a
0.850558019661529,47.4052719835162,D-6a
0.477918040712927,47.5007879887175,D-6a
0.080164100646576,47.6156539918106,D-6a
0.684560985957495,48.1031029944317,D-6a
0.713319105376325,48.126295994523,D-6a
1.21408706583921,48.6489159992807,D-6a
0.536582938180955,49.016685966002,D-6a
-0.28378381858097,49.3281499879017,D-6a
-0.197368259913676,49.3614476277644,D-6a
-0.114332304455008,49.4131782247066,D-6a
-0.049895540368483,49.4607646107734,D-6a
-0.01557378855901,49.4967259661644,D-6a
0.030244906895722,49.5780634082602,D-6a
0.138168928162138,49.6722660277253,D-6a
0.246063147517168,49.7170301860135,D-6a
0.374337861462791,49.758644422471,D-6a
0.342580114163397,49.8124855858648,D-6a
0.203258167857052,49.8974111508466,D-6a
0.124085278397097,49.9250601998461,D-6a
-0.134826913618495,50.0848376817507,D-6a
-0.355891102835638,50.186009032093,D-6a
-0.580707540566794,50.2224741353136,D-6a
-0.79719645750892,50.242144145051,D-6a
-1.35063782512086,50.2648095689105,D-6a
-1.67361043572861,50.2648654251515,D-6a
-1.9061916046033,50.2510503752957,D-6a
-2.18831679459656,50.2062211598665,D-6a
-2.43293558992195,50.0685303987595,D-6a
-2.71924997391408,49.8545193997261,D-6a
-3.01674855925618,49.7372119313468,D-6a
-3.29190478533979,49.6536745303983,D-6a
-4.14972671376367,49.3120580693074,D-6a
-4.46577032567824,49.1005415438738,D-6a
-4.87748433907364,48.9171794217611,D-6a
-5.1734885226059,48.7240441424595,D-6a
-5.4759970232902,48.5101378369727,D-6a
-6.12284661762217,48.2111310465977,D-6a
-6.12284661703462,48.2111310051857,D-6a
-6.12284662205263,48.0424629792172,D-6a
-5.50619590100696,48.0138350600428,D-6a
-5.10152604263329,48.17313397157,D-6a
-5.1015260513283,48.054413981319,D-6a
-3.69346994174494,47.3128910207122,D-6a
-3.3173369047358,47.1616759897199,D-6a
-2.65282586908899,46.7931780086973,D-6a
-2.21939991124064,46.4473510280304,D-6a
-1.75635207428227,46.109926987125,D-6a
-1.33253091407012,45.6896160063572,D-6a
-1.33253086666093,45.6896160098645,D-6a
-0.054324960699113,45.2121949868703,D-6a
0.743541462803237,44.9227261364073,D-6a
0.86746449802092,44.7385162166326,D-6a
0.756938546966537,44.5040672280941,D-6a
0.646412595805861,44.212680627989,D-6a
0.700367067576039,44.002281592886,D-6a
1.00813388806923,43.8107680755195,D-6a
1.16235298665258,43.2692060397746,D-6a
0.583594080835695,43.4611974417296,D-6a
-0.489999840019699,43.7699999731298,D-6a
-0.599999999148141,43.7799999632853,D-6a
-1.17999995645938,43.800000033954,D-6a
-1.55000003839932,43.8100000242496,D-6a
-2.31000000513656,43.0399999823013,D-6a
-3.72563975266445,43.6299975867956,D-6a
-4.32651771847178,43.9235059896861,D-6a
-4.58874579945012,43.7630274482454,D-6a
-6.9195298475767,44.2165960119525,D-6a
-6.00028484764899,45.9955570157521,D-6a
-6.00028484832306,45.9955570877412,D-6a
-7.00000817069214,47.0083071736511,D-6a
-7.4509818894962,47.5193806997826,D-6a
-7.59058840624032,49.0579283317145,D-6a
-6.66350483709553,49.9279418164783,D-6a
-5.92947809820286,50.1925572185476,D-6a
-5.67459789955881,49.9085152781405,D-6a
-5.16946533939785,50.0708802047166,D-6a
-3.89070137045102,50.2513803303156,D-6a
-3.50036006730645,50.2706244919366,D-6a
-1.47756780499004,50.5658175660383,D-6a
0.594446116839477,50.83126902812,D-6a
2.03671302174953,50.5850049962663,D-6a
-0.543392724535465,52.4793383630419,D-6b
0.670759982834663,51.2029389876599,D-6b
-1.24128397035214,51.203642021071,D-6b
-2.49540748165484,51.2122921186845,D-6b
-2.77181635551381,51.2792625314359,D-6b
-3.06341657151361,51.3463964176991,D-6b
-3.13541799278278,51.3629730008466,D-6b
-1.53850527374765,52.6864899564767,D-6b
-0.543392724535465,52.4793383630419,D-6b
11.0203806898839,48.9687820046231,D-6c
10.4662440118255,48.8621200009696,D-6c
9.19264105795883,49.0819020314548,D-6c
8.97474889130151,49.0775365809177,D-6c
8.67435985165163,49.090552020952,D-6c
8.79998617153094,49.2096680109514,D-6c
8.7899410916576,49.7482110009997,D-6c
8.64387289189039,50.0264730010322,D-6c
7.35140909359887,50.6583880112056,D-6c
7.07234601404678,51.0487650012387,D-6c
6.28529701511907,51.3310170013387,D-6c
6.25062901521575,51.511088001335,D-6c
6.03587372402257,51.829474494902,D-6c
10.7643632753055,50.120525306732,D-6c
11.0203806898839,48.9687820046231,D-6c
8.28050070334981,42.7927002283078,D-6d
8.2799561900187,41.230141686022,D-6d
5.05693253520761,41.1150383542291,D-6d
7.02623334805563,39.5992552786705,D-6d
5.66133780205115,39.0003542782056,D-6d
4.69923170448674,39.6564873447988,D-6d
4.56218654886674,40.2727405458989,D-6d
4.15863201853329,40.5862574844429,D-6d
3.97092322054104,41.0701746232191,D-6d
3.82634300684438,41.4948705097056,D-6d
3.96952741411006,41.6600116186275,D-6d
4.11962892490823,41.7988354089736,D-6d
4.39165009498852,42.0030060286911,D-6d
4.79561905462228,42.4076319889105,D-6d
5.84994997351527,42.8406409790614,D-6d
6.21069985308772,42.7580000089744,D-6d
6.77283697248817,42.8793540289903,D-6d
7.23015116958037,43.4037605926215,D-6d
8.28050070334981,42.7927002283078,D-6d
